{
    "epoch": 4.0,
    "total_flos": 1.752868805082071e+18,
    "train_loss": 0.06980497875161427,
    "train_runtime": 3098.2067,
    "train_samples_per_second": 7.301,
    "train_steps_per_second": 0.457
}